"month","Sub_Category","revenue","avg_subcat_month","subcategory_residual","residual_pct"
"2015-01","Accessories",827.89,3420.55604166667,-2592.67,-75.8
"2015-01","Appliances",312.58,2179.54979166667,-1866.97,-85.66
"2015-01","Art",176.99,556.3625,-379.37,-68.19
"2015-01","Binders",814.51,4167.26604166667,-3352.76,-80.45
"2015-01","Bookcases",1010.06,2474.1997826087,-1464.14,-59.18
"2015-01","Chairs",4187.7,6725.47291666667,-2537.77,-37.73
"2015-01","Envelopes",194.36,350.609565217391,-156.25,-44.57
"2015-01","Fasteners",31.12,63.8717021276596,-32.75,-51.27
"2015-01","Furnishings",686.52,1858.583125,-1172.06,-63.06
"2015-01","Labels",44.75,257.244375,-212.49,-82.6
"2015-01","Paper",242.02,1600.58979166667,-1358.57,-84.88
"2015-01","Phones",2315.4,6828.80083333333,-4513.4,-66.09
"2015-01","Storage",3028.82,4569.65395833333,-1540.83,-33.72
"2015-01","Tables",333,4225.22145833333,-3892.22,-92.12
"2015-02","Accessories",1120.99,3420.55604166667,-2299.57,-67.23
"2015-02","Appliances",89.92,2179.54979166667,-2089.63,-95.87
"2015-02","Art",73.66,556.3625,-482.7,-86.76
"2015-02","Binders",339.26,4167.26604166667,-3828.01,-91.86
"2015-02","Chairs",190.46,6725.47291666667,-6535.01,-97.17
"2015-02","Fasteners",12.35,63.8717021276596,-51.52,-80.66
"2015-02","Furnishings",392.98,1858.583125,-1465.6,-78.86
"2015-02","Labels",36.88,257.244375,-220.36,-85.66
"2015-02","Paper",138.49,1600.58979166667,-1462.1,-91.35
"2015-02","Phones",487.52,6828.80083333333,-6341.28,-92.86
"2015-02","Storage",142.54,4569.65395833333,-4427.11,-96.88
"2015-02","Supplies",238.62,1055.00681818182,-816.39,-77.38
"2015-02","Tables",1256.22,4225.22145833333,-2969,-70.27
"2015-03","Accessories",957.73,3420.55604166667,-2462.83,-72
"2015-03","Appliances",502.96,2179.54979166667,-1676.59,-76.92
"2015-03","Art",413.27,556.3625,-143.09,-25.72
"2015-03","Binders",1525.67,4167.26604166667,-2641.6,-63.39
"2015-03","Bookcases",1706.45,2474.1997826087,-767.75,-31.03
"2015-03","Chairs",5713.14,6725.47291666667,-1012.33,-15.05
"2015-03","Envelopes",353.2,350.609565217391,2.59,0.74
"2015-03","Fasteners",48.24,63.8717021276596,-15.63,-24.47
"2015-03","Furnishings",480.13,1858.583125,-1378.45,-74.17
"2015-03","Labels",173.59,257.244375,-83.65,-32.52
"2015-03","Machines",25314.66,4852.27205128205,20462.39,421.71
"2015-03","Paper",1196.9,1600.58979166667,-403.69,-25.22
"2015-03","Phones",6087.58,6828.80083333333,-741.22,-10.85
"2015-03","Storage",4370,4569.65395833333,-199.65,-4.37
"2015-03","Supplies",18.62,1055.00681818182,-1036.39,-98.24
"2015-03","Tables",6343.65,4225.22145833333,2118.43,50.14
"2015-04","Accessories",2323.7,3420.55604166667,-1096.86,-32.07
"2015-04","Appliances",532.58,2179.54979166667,-1646.97,-75.56
"2015-04","Art",528.24,556.3625,-28.12,-5.05
"2015-04","Binders",870.39,4167.26604166667,-3296.88,-79.11
"2015-04","Bookcases",308.5,2474.1997826087,-2165.7,-87.53
"2015-04","Chairs",3210.67,6725.47291666667,-3514.8,-52.26
"2015-04","Envelopes",397.19,350.609565217391,46.58,13.29
"2015-04","Fasteners",101.68,63.8717021276596,37.81,59.2
"2015-04","Furnishings",984.05,1858.583125,-874.53,-47.05
"2015-04","Labels",78.99,257.244375,-178.25,-69.29
"2015-04","Machines",287.97,4852.27205128205,-4564.3,-94.07
"2015-04","Paper",625.43,1600.58979166667,-975.16,-60.93
"2015-04","Phones",6361.48,6828.80083333333,-467.32,-6.84
"2015-04","Storage",3680.01,4569.65395833333,-889.64,-19.47
"2015-04","Supplies",4174.35,1055.00681818182,3119.34,295.67
"2015-04","Tables",3441.63,4225.22145833333,-783.59,-18.55
"2015-05","Accessories",695.49,3420.55604166667,-2725.07,-79.67
"2015-05","Appliances",918.6,2179.54979166667,-1260.95,-57.85
"2015-05","Art",288.22,556.3625,-268.14,-48.2
"2015-05","Binders",4372.3,4167.26604166667,205.03,4.92
"2015-05","Bookcases",640.63,2474.1997826087,-1833.57,-74.11
"2015-05","Chairs",3675.11,6725.47291666667,-3050.36,-45.36
"2015-05","Copiers",2999.93,4570.2525,-1570.32,-34.36
"2015-05","Envelopes",214.19,350.609565217391,-136.42,-38.91
"2015-05","Fasteners",12.58,63.8717021276596,-51.29,-80.3
"2015-05","Furnishings",780.17,1858.583125,-1078.41,-58.02
"2015-05","Labels",57.44,257.244375,-199.8,-77.67
"2015-05","Paper",475.13,1600.58979166667,-1125.46,-70.32
"2015-05","Phones",5904.46,6828.80083333333,-924.34,-13.54
"2015-05","Storage",712.9,4569.65395833333,-3856.75,-84.4
"2015-05","Supplies",80.28,1055.00681818182,-974.73,-92.39
"2015-05","Tables",1816.88,4225.22145833333,-2408.34,-57
"2015-06","Accessories",667.04,3420.55604166667,-2753.52,-80.5
"2015-06","Appliances",2275.25,2179.54979166667,95.7,4.39
"2015-06","Art",686.11,556.3625,129.75,23.32
"2015-06","Binders",4275.79,4167.26604166667,108.52,2.6
"2015-06","Bookcases",759.57,2474.1997826087,-1714.63,-69.3
"2015-06","Chairs",6456,6725.47291666667,-269.47,-4.01
"2015-06","Envelopes",95.56,350.609565217391,-255.05,-72.74
"2015-06","Fasteners",45.29,63.8717021276596,-18.58,-29.09
"2015-06","Furnishings",371.21,1858.583125,-1487.37,-80.03
"2015-06","Labels",591.79,257.244375,334.55,130.05
"2015-06","Machines",691.76,4852.27205128205,-4160.51,-85.74
"2015-06","Paper",1028.17,1600.58979166667,-572.42,-35.76
"2015-06","Phones",7077.16,6828.80083333333,248.36,3.64
"2015-06","Storage",3716.82,4569.65395833333,-852.83,-18.66
"2015-06","Supplies",27.6,1055.00681818182,-1027.41,-97.38
"2015-06","Tables",5557.8,4225.22145833333,1332.58,31.54
"2015-07","Accessories",3308.69,3420.55604166667,-111.87,-3.27
"2015-07","Appliances",81.74,2179.54979166667,-2097.81,-96.25
"2015-07","Art",256.04,556.3625,-300.32,-53.98
"2015-07","Binders",2934.49,4167.26604166667,-1232.78,-29.58
"2015-07","Bookcases",1487.67,2474.1997826087,-986.53,-39.87
"2015-07","Chairs",6364.94,6725.47291666667,-360.53,-5.36
"2015-07","Copiers",559.99,4570.2525,-4010.26,-87.75
"2015-07","Envelopes",136.86,350.609565217391,-213.75,-60.97
"2015-07","Fasteners",24.35,63.8717021276596,-39.52,-61.87
"2015-07","Furnishings",902.62,1858.583125,-955.96,-51.43
"2015-07","Labels",194.79,257.244375,-62.45,-24.28
"2015-07","Paper",796.33,1600.58979166667,-804.26,-50.25
"2015-07","Phones",3970.6,6828.80083333333,-2858.2,-41.86
"2015-07","Storage",2452.73,4569.65395833333,-2116.92,-46.33
"2015-07","Supplies",8243.87,1055.00681818182,7188.86,681.4
"2015-07","Tables",2065.82,4225.22145833333,-2159.4,-51.11
"2015-08","Accessories",1665.12,3420.55604166667,-1755.44,-51.32
"2015-08","Appliances",1943.84,2179.54979166667,-235.71,-10.81
"2015-08","Art",203.66,556.3625,-352.7,-63.39
"2015-08","Binders",4173.05,4167.26604166667,5.78,0.14
"2015-08","Bookcases",794.28,2474.1997826087,-1679.92,-67.9
"2015-08","Chairs",2395.11,6725.47291666667,-4330.36,-64.39
"2015-08","Copiers",1749.97,4570.2525,-2820.28,-61.71
"2015-08","Envelopes",203.33,350.609565217391,-147.28,-42.01
"2015-08","Fasteners",85.87,63.8717021276596,22,34.44
"2015-08","Furnishings",997.76,1858.583125,-860.82,-46.32
"2015-08","Labels",41.38,257.244375,-215.86,-83.91
"2015-08","Paper",1924.44,1600.58979166667,323.85,20.23
"2015-08","Phones",5521.96,6828.80083333333,-1306.84,-19.14
"2015-08","Storage",2322.73,4569.65395833333,-2246.92,-49.17
"2015-08","Supplies",156.97,1055.00681818182,-898.04,-85.12
"2015-08","Tables",2938.07,4225.22145833333,-1287.15,-30.46
"2015-09","Accessories",2305.73,3420.55604166667,-1114.83,-32.59
"2015-09","Appliances",2413.26,2179.54979166667,233.71,10.72
"2015-09","Art",759.86,556.3625,203.5,36.58
"2015-09","Binders",12743.62,4167.26604166667,8576.35,205.8
"2015-09","Bookcases",2394.47,2474.1997826087,-79.73,-3.22
"2015-09","Chairs",13849.18,6725.47291666667,7123.71,105.92
"2015-09","Copiers",1799.97,4570.2525,-2770.28,-60.62
"2015-09","Envelopes",381.37,350.609565217391,30.76,8.77
"2015-09","Fasteners",95.48,63.8717021276596,31.61,49.49
"2015-09","Furnishings",2960.96,1858.583125,1102.38,59.31
"2015-09","Labels",381.54,257.244375,124.3,48.32
"2015-09","Machines",22420.28,4852.27205128205,17568.01,362.06
"2015-09","Paper",1445.36,1600.58979166667,-155.23,-9.7
"2015-09","Phones",3857.76,6828.80083333333,-2971.04,-43.51
"2015-09","Storage",8810.22,4569.65395833333,4240.57,92.8
"2015-09","Supplies",392.59,1055.00681818182,-662.42,-62.79
"2015-09","Tables",4611.87,4225.22145833333,386.65,9.15
"2015-10","Accessories",1767.51,3420.55604166667,-1653.05,-48.33
"2015-10","Appliances",430.79,2179.54979166667,-1748.76,-80.23
"2015-10","Art",553.53,556.3625,-2.83,-0.51
"2015-10","Binders",480.16,4167.26604166667,-3687.11,-88.48
"2015-10","Bookcases",617,2474.1997826087,-1857.2,-75.06
"2015-10","Chairs",6486.6,6725.47291666667,-238.87,-3.55
"2015-10","Copiers",1999.96,4570.2525,-2570.29,-56.24
"2015-10","Envelopes",340.51,350.609565217391,-10.1,-2.88
"2015-10","Fasteners",51.99,63.8717021276596,-11.88,-18.6
"2015-10","Furnishings",621.81,1858.583125,-1236.77,-66.54
"2015-10","Labels",99.1,257.244375,-158.14,-61.47
"2015-10","Machines",101.99,4852.27205128205,-4750.28,-97.9
"2015-10","Paper",990.85,1600.58979166667,-609.74,-38.09
"2015-10","Phones",8068.55,6828.80083333333,1239.75,18.15
"2015-10","Storage",3739.59,4569.65395833333,-830.06,-18.16
"2015-10","Supplies",524.62,1055.00681818182,-530.39,-50.27
"2015-10","Tables",4578.83,4225.22145833333,353.61,8.37
"2015-11","Accessories",3100.33,3420.55604166667,-320.23,-9.36
"2015-11","Appliances",2633.83,2179.54979166667,454.28,20.84
"2015-11","Art",492.85,556.3625,-63.51,-11.42
"2015-11","Binders",6310.97,4167.26604166667,2143.7,51.44
"2015-11","Bookcases",7263.71,2474.1997826087,4789.51,193.58
"2015-11","Chairs",7282.55,6725.47291666667,557.08,8.28
"2015-11","Envelopes",1062.82,350.609565217391,712.21,203.13
"2015-11","Fasteners",68.6,63.8717021276596,4.73,7.41
"2015-11","Furnishings",2389.93,1858.583125,531.35,28.59
"2015-11","Labels",609.48,257.244375,352.24,136.93
"2015-11","Machines",5438.8,4852.27205128205,586.53,12.09
"2015-11","Paper",3403.89,1600.58979166667,1803.3,112.66
"2015-11","Phones",21534.3,6828.80083333333,14705.5,215.35
"2015-11","Storage",11338.64,4569.65395833333,6768.99,148.13
"2015-11","Supplies",442.11,1055.00681818182,-612.9,-58.09
"2015-11","Tables",4534.84,4225.22145833333,309.62,7.33
"2015-12","Accessories",5026.16,3420.55604166667,1605.6,46.94
"2015-12","Appliances",3025.36,2179.54979166667,845.81,38.81
"2015-12","Art",1465.11,556.3625,908.75,163.34
"2015-12","Binders",4423.05,4167.26604166667,255.78,6.14
"2015-12","Bookcases",3054.34,2474.1997826087,580.14,23.45
"2015-12","Chairs",17234.97,6725.47291666667,10509.5,156.26
"2015-12","Copiers",1739.96,4570.2525,-2830.29,-61.93
"2015-12","Envelopes",465.18,350.609565217391,114.57,32.68
"2015-12","Fasteners",77.84,63.8717021276596,13.97,21.87
"2015-12","Furnishings",2068.86,1858.583125,210.28,11.31
"2015-12","Labels",515.74,257.244375,258.5,100.49
"2015-12","Machines",7767.91,4852.27205128205,2915.64,60.09
"2015-12","Paper",2065.71,1600.58979166667,465.12,29.06
"2015-12","Phones",6039.19,6828.80083333333,-789.61,-11.56
"2015-12","Storage",4882.52,4569.65395833333,312.87,6.85
"2015-12","Supplies",35.98,1055.00681818182,-1019.03,-96.59
"2015-12","Tables",8279.17,4225.22145833333,4053.95,95.95
"2016-01","Accessories",498.37,3420.55604166667,-2922.19,-85.43
"2016-01","Appliances",250.8,2179.54979166667,-1928.75,-88.49
"2016-01","Art",149.34,556.3625,-407.02,-73.16
"2016-01","Binders",206.57,4167.26604166667,-3960.7,-95.04
"2016-01","Bookcases",1804.85,2474.1997826087,-669.35,-27.05
"2016-01","Chairs",3246.79,6725.47291666667,-3478.68,-51.72
"2016-01","Envelopes",17.48,350.609565217391,-333.13,-95.01
"2016-01","Furnishings",1270.11,1858.583125,-588.47,-31.66
"2016-01","Labels",48.12,257.244375,-209.12,-81.29
"2016-01","Machines",3107.98,4852.27205128205,-1744.29,-35.95
"2016-01","Paper",496.8,1600.58979166667,-1103.79,-68.96
"2016-01","Phones",911.89,6828.80083333333,-5916.91,-86.65
"2016-01","Storage",550.7,4569.65395833333,-4018.95,-87.95
"2016-01","Supplies",88.96,1055.00681818182,-966.05,-91.57
"2016-01","Tables",5418.19,4225.22145833333,1192.97,28.23
"2016-02","Accessories",1450.09,3420.55604166667,-1970.47,-57.61
"2016-02","Appliances",568.32,2179.54979166667,-1611.23,-73.92
"2016-02","Art",413.25,556.3625,-143.11,-25.72
"2016-02","Binders",2669.28,4167.26604166667,-1497.99,-35.95
"2016-02","Bookcases",283.92,2474.1997826087,-2190.28,-88.52
"2016-02","Chairs",2114.89,6725.47291666667,-4610.58,-68.55
"2016-02","Envelopes",385.67,350.609565217391,35.06,10
"2016-02","Fasteners",5.81,63.8717021276596,-58.06,-90.9
"2016-02","Furnishings",206.1,1858.583125,-1652.48,-88.91
"2016-02","Labels",201.26,257.244375,-55.98,-21.76
"2016-02","Paper",229.76,1600.58979166667,-1370.83,-85.65
"2016-02","Phones",1998.88,6828.80083333333,-4829.92,-70.73
"2016-02","Storage",894.72,4569.65395833333,-3674.93,-80.42
"2016-02","Tables",529.46,4225.22145833333,-3695.76,-87.47
"2016-03","Accessories",1201.27,3420.55604166667,-2219.29,-64.88
"2016-03","Appliances",1287.57,2179.54979166667,-891.98,-40.92
"2016-03","Art",137.6,556.3625,-418.76,-75.27
"2016-03","Binders",7255.81,4167.26604166667,3088.54,74.11
"2016-03","Bookcases",2241.96,2474.1997826087,-232.24,-9.39
"2016-03","Chairs",4085.23,6725.47291666667,-2640.24,-39.26
"2016-03","Copiers",4269.91,4570.2525,-300.34,-6.57
"2016-03","Envelopes",170.21,350.609565217391,-180.4,-51.45
"2016-03","Fasteners",68.43,63.8717021276596,4.56,7.14
"2016-03","Furnishings",1435.96,1858.583125,-422.62,-22.74
"2016-03","Labels",532.34,257.244375,275.1,106.94
"2016-03","Paper",1524.69,1600.58979166667,-75.9,-4.74
"2016-03","Phones",4672.75,6828.80083333333,-2156.05,-31.57
"2016-03","Storage",2462.74,4569.65395833333,-2106.91,-46.11
"2016-03","Supplies",33.36,1055.00681818182,-1021.65,-96.84
"2016-03","Tables",959.49,4225.22145833333,-3265.73,-77.29
"2016-04","Accessories",1647.03,3420.55604166667,-1773.53,-51.85
"2016-04","Appliances",4355.62,2179.54979166667,2176.07,99.84
"2016-04","Art",477.23,556.3625,-79.13,-14.22
"2016-04","Binders",4720.43,4167.26604166667,553.16,13.27
"2016-04","Bookcases",875.71,2474.1997826087,-1598.49,-64.61
"2016-04","Chairs",4271.62,6725.47291666667,-2453.85,-36.49
"2016-04","Copiers",2679.92,4570.2525,-1890.33,-41.36
"2016-04","Envelopes",202.3,350.609565217391,-148.31,-42.3
"2016-04","Fasteners",30.28,63.8717021276596,-33.59,-52.59
"2016-04","Furnishings",2993.19,1858.583125,1134.61,61.05
"2016-04","Labels",121.01,257.244375,-136.23,-52.96
"2016-04","Machines",1451.9,4852.27205128205,-3400.37,-70.08
"2016-04","Paper",454.86,1600.58979166667,-1145.73,-71.58
"2016-04","Phones",5382.11,6828.80083333333,-1446.69,-21.19
"2016-04","Storage",2137.36,4569.65395833333,-2432.29,-53.23
"2016-04","Supplies",18.72,1055.00681818182,-1036.29,-98.23
"2016-04","Tables",2335.18,4225.22145833333,-1890.04,-44.73
"2016-05","Accessories",1198.06,3420.55604166667,-2222.5,-64.97
"2016-05","Appliances",2111.97,2179.54979166667,-67.58,-3.1
"2016-05","Art",696.32,556.3625,139.96,25.16
"2016-05","Binders",692.44,4167.26604166667,-3474.83,-83.38
"2016-05","Bookcases",1916.82,2474.1997826087,-557.38,-22.53
"2016-05","Chairs",5681.93,6725.47291666667,-1043.54,-15.52
"2016-05","Copiers",2799.94,4570.2525,-1770.31,-38.74
"2016-05","Envelopes",417.84,350.609565217391,67.23,19.18
"2016-05","Fasteners",31.6,63.8717021276596,-32.27,-50.52
"2016-05","Furnishings",1532.19,1858.583125,-326.39,-17.56
"2016-05","Labels",209.27,257.244375,-47.97,-18.65
"2016-05","Machines",3372.86,4852.27205128205,-1479.41,-30.49
"2016-05","Paper",1212.65,1600.58979166667,-387.94,-24.24
"2016-05","Phones",4272.14,6828.80083333333,-2556.66,-37.44
"2016-05","Storage",3112.76,4569.65395833333,-1456.89,-31.88
"2016-05","Supplies",456.73,1055.00681818182,-598.28,-56.71
"2016-05","Tables",244.01,4225.22145833333,-3981.21,-94.22
"2016-06","Accessories",1755.16,3420.55604166667,-1665.4,-48.69
"2016-06","Appliances",143.13,2179.54979166667,-2036.42,-93.43
"2016-06","Art",249.12,556.3625,-307.24,-55.22
"2016-06","Binders",5667.45,4167.26604166667,1500.18,36
"2016-06","Bookcases",482.94,2474.1997826087,-1991.26,-80.48
"2016-06","Chairs",3937.89,6725.47291666667,-2787.58,-41.45
"2016-06","Copiers",899.97,4570.2525,-3670.28,-80.31
"2016-06","Envelopes",221.65,350.609565217391,-128.96,-36.78
"2016-06","Fasteners",10.39,63.8717021276596,-53.48,-83.73
"2016-06","Furnishings",2323.72,1858.583125,465.14,25.03
"2016-06","Labels",52.71,257.244375,-204.53,-79.51
"2016-06","Paper",464.47,1600.58979166667,-1136.12,-70.98
"2016-06","Phones",3780.23,6828.80083333333,-3048.57,-44.64
"2016-06","Storage",2814.13,4569.65395833333,-1755.52,-38.42
"2016-06","Tables",796.42,4225.22145833333,-3428.8,-81.15
"2016-07","Accessories",5025,3420.55604166667,1604.44,46.91
"2016-07","Appliances",150.36,2179.54979166667,-2029.19,-93.1
"2016-07","Art",234.11,556.3625,-322.25,-57.92
"2016-07","Binders",1191.97,4167.26604166667,-2975.3,-71.4
"2016-07","Bookcases",2860.38,2474.1997826087,386.18,15.61
"2016-07","Chairs",7313.56,6725.47291666667,588.09,8.74
"2016-07","Envelopes",510.32,350.609565217391,159.71,45.55
"2016-07","Fasteners",51.17,63.8717021276596,-12.7,-19.88
"2016-07","Furnishings",1450.73,1858.583125,-407.85,-21.94
"2016-07","Labels",325.37,257.244375,68.13,26.48
"2016-07","Machines",464.97,4852.27205128205,-4387.3,-90.42
"2016-07","Paper",436.73,1600.58979166667,-1163.86,-72.71
"2016-07","Phones",4745.01,6828.80083333333,-2083.79,-30.51
"2016-07","Storage",1753.63,4569.65395833333,-2816.02,-61.62
"2016-07","Supplies",52.59,1055.00681818182,-1002.42,-95.02
"2016-07","Tables",2042.36,4225.22145833333,-2182.86,-51.66
"2016-08","Accessories",1292.46,3420.55604166667,-2128.1,-62.22
"2016-08","Appliances",1005.5,2179.54979166667,-1174.05,-53.87
"2016-08","Art",402.14,556.3625,-154.22,-27.72
"2016-08","Binders",2237.32,4167.26604166667,-1929.95,-46.31
"2016-08","Bookcases",3804.96,2474.1997826087,1330.76,53.79
"2016-08","Chairs",1439.01,6725.47291666667,-5286.46,-78.6
"2016-08","Copiers",2799.96,4570.2525,-1770.29,-38.74
"2016-08","Fasteners",22.68,63.8717021276596,-41.19,-64.49
"2016-08","Furnishings",800.25,1858.583125,-1058.33,-56.94
"2016-08","Labels",134.01,257.244375,-123.23,-47.9
"2016-08","Machines",3878.38,4852.27205128205,-973.89,-20.07
"2016-08","Paper",1404.73,1600.58979166667,-195.86,-12.24
"2016-08","Phones",7473.84,6828.80083333333,645.04,9.45
"2016-08","Storage",6437.58,4569.65395833333,1867.93,40.88
"2016-08","Supplies",91.15,1055.00681818182,-963.86,-91.36
"2016-08","Tables",3594.36,4225.22145833333,-630.86,-14.93
"2016-09","Accessories",5576.43,3420.55604166667,2155.87,63.03
"2016-09","Appliances",2165.73,2179.54979166667,-13.82,-0.63
"2016-09","Art",1120.57,556.3625,564.21,101.41
"2016-09","Binders",2837.96,4167.26604166667,-1329.31,-31.9
"2016-09","Bookcases",10685.21,2474.1997826087,8211.01,331.87
"2016-09","Chairs",8802.2,6725.47291666667,2076.73,30.88
"2016-09","Copiers",2319.95,4570.2525,-2250.3,-49.24
"2016-09","Envelopes",630.44,350.609565217391,279.83,79.81
"2016-09","Fasteners",62.57,63.8717021276596,-1.3,-2.04
"2016-09","Furnishings",1815.72,1858.583125,-42.86,-2.31
"2016-09","Labels",217.22,257.244375,-40.02,-15.56
"2016-09","Machines",629.93,4852.27205128205,-4222.34,-87.02
"2016-09","Paper",1966.64,1600.58979166667,366.05,22.87
"2016-09","Phones",10490.82,6828.80083333333,3662.02,53.63
"2016-09","Storage",9116.04,4569.65395833333,4546.39,99.49
"2016-09","Supplies",913.88,1055.00681818182,-141.13,-13.38
"2016-09","Tables",3782.29,4225.22145833333,-442.93,-10.48
"2016-10","Accessories",2624.46,3420.55604166667,-796.1,-23.27
"2016-10","Appliances",2428.81,2179.54979166667,249.26,11.44
"2016-10","Art",273.25,556.3625,-283.11,-50.89
"2016-10","Binders",762.28,4167.26604166667,-3404.99,-81.71
"2016-10","Bookcases",2173.77,2474.1997826087,-300.43,-12.14
"2016-10","Chairs",6741.4,6725.47291666667,15.93,0.24
"2016-10","Copiers",919.97,4570.2525,-3650.28,-79.87
"2016-10","Envelopes",455.84,350.609565217391,105.23,30.01
"2016-10","Fasteners",17.45,63.8717021276596,-46.42,-72.68
"2016-10","Furnishings",616.76,1858.583125,-1241.82,-66.82
"2016-10","Labels",579.72,257.244375,322.48,125.36
"2016-10","Machines",1095.79,4852.27205128205,-3756.48,-77.42
"2016-10","Paper",658.22,1600.58979166667,-942.37,-58.88
"2016-10","Phones",6064.67,6828.80083333333,-764.13,-11.19
"2016-10","Storage",3356.02,4569.65395833333,-1213.63,-26.56
"2016-10","Supplies",110.76,1055.00681818182,-944.25,-89.5
"2016-10","Tables",2132.56,4225.22145833333,-2092.66,-49.53
"2016-11","Accessories",6256.72,3420.55604166667,2836.16,82.92
"2016-11","Appliances",6611.97,2179.54979166667,4432.42,203.36
"2016-11","Art",1026.65,556.3625,470.29,84.53
"2016-11","Binders",3085.55,4167.26604166667,-1081.72,-25.96
"2016-11","Bookcases",7694.01,2474.1997826087,5219.81,210.97
"2016-11","Chairs",12743.16,6725.47291666667,6017.69,89.48
"2016-11","Copiers",1589.97,4570.2525,-2980.28,-65.21
"2016-11","Envelopes",518.12,350.609565217391,167.51,47.78
"2016-11","Fasteners",150.79,63.8717021276596,86.92,136.09
"2016-11","Furnishings",3549.88,1858.583125,1691.3,91
"2016-11","Labels",122.1,257.244375,-135.14,-52.53
"2016-11","Machines",7850.48,4852.27205128205,2998.21,61.79
"2016-11","Paper",2854.81,1600.58979166667,1254.22,78.36
"2016-11","Phones",8176.42,6828.80083333333,1347.62,19.73
"2016-11","Storage",6715.6,4569.65395833333,2145.95,46.96
"2016-11","Supplies",92.72,1055.00681818182,-962.29,-91.21
"2016-11","Tables",6210.45,4225.22145833333,1985.23,46.99
"2016-12","Accessories",11918.92,3420.55604166667,8498.36,248.45
"2016-12","Appliances",2148.4,2179.54979166667,-31.15,-1.43
"2016-12","Art",912.05,556.3625,355.69,63.93
"2016-12","Binders",4722.69,4167.26604166667,555.42,13.33
"2016-12","Bookcases",2652.24,2474.1997826087,178.04,7.2
"2016-12","Chairs",10276.99,6725.47291666667,3551.52,52.81
"2016-12","Copiers",7899.85,4570.2525,3329.6,72.85
"2016-12","Envelopes",918.35,350.609565217391,567.74,161.93
"2016-12","Fasteners",94.05,63.8717021276596,30.18,47.25
"2016-12","Furnishings",2530.6,1858.583125,672.02,36.16
"2016-12","Labels",341.79,257.244375,84.55,32.87
"2016-12","Machines",5911.41,4852.27205128205,1059.14,21.83
"2016-12","Paper",2960.41,1600.58979166667,1359.82,84.96
"2016-12","Phones",9901.84,6828.80083333333,3073.04,45
"2016-12","Storage",3969.94,4569.65395833333,-599.71,-13.12
"2016-12","Supplies",31.65,1055.00681818182,-1023.36,-97
"2016-12","Tables",7352.42,4225.22145833333,3127.2,74.01
"2017-01","Accessories",2025.74,3420.55604166667,-1394.82,-40.78
"2017-01","Appliances",64.86,2179.54979166667,-2114.69,-97.02
"2017-01","Art",153.71,556.3625,-402.65,-72.37
"2017-01","Binders",1756.3,4167.26604166667,-2410.97,-57.85
"2017-01","Bookcases",2239.54,2474.1997826087,-234.66,-9.48
"2017-01","Chairs",1602.22,6725.47291666667,-5123.25,-76.18
"2017-01","Copiers",959.97,4570.2525,-3610.28,-79
"2017-01","Envelopes",217.58,350.609565217391,-133.03,-37.94
"2017-01","Fasteners",7.56,63.8717021276596,-56.31,-88.16
"2017-01","Furnishings",1066.51,1858.583125,-792.07,-42.62
"2017-01","Labels",91.06,257.244375,-166.18,-64.6
"2017-01","Paper",596.18,1600.58979166667,-1004.41,-62.75
"2017-01","Phones",2634.36,6828.80083333333,-4194.44,-61.42
"2017-01","Storage",2412.44,4569.65395833333,-2157.21,-47.21
"2017-01","Tables",2714.47,4225.22145833333,-1510.75,-35.76
"2017-02","Accessories",361.03,3420.55604166667,-3059.53,-89.45
"2017-02","Appliances",753.26,2179.54979166667,-1426.29,-65.44
"2017-02","Art",383.26,556.3625,-173.1,-31.11
"2017-02","Binders",601.72,4167.26604166667,-3565.55,-85.56
"2017-02","Bookcases",239.98,2474.1997826087,-2234.22,-90.3
"2017-02","Chairs",1725.46,6725.47291666667,-5000.01,-74.34
"2017-02","Envelopes",272.26,350.609565217391,-78.35,-22.35
"2017-02","Fasteners",72.28,63.8717021276596,8.41,13.17
"2017-02","Furnishings",851.95,1858.583125,-1006.63,-54.16
"2017-02","Labels",31.23,257.244375,-226.01,-87.86
"2017-02","Machines",8749.95,4852.27205128205,3897.68,80.33
"2017-02","Paper",1194.2,1600.58979166667,-406.39,-25.39
"2017-02","Phones",3147.93,6828.80083333333,-3680.87,-53.9
"2017-02","Storage",3460.43,4569.65395833333,-1109.22,-24.27
"2017-02","Supplies",25.71,1055.00681818182,-1029.3,-97.56
"2017-02","Tables",1108.16,4225.22145833333,-3117.06,-73.77
"2017-03","Accessories",2504.16,3420.55604166667,-916.4,-26.79
"2017-03","Appliances",2456.37,2179.54979166667,276.82,12.7
"2017-03","Art",309.03,556.3625,-247.33,-44.45
"2017-03","Binders",1161.59,4167.26604166667,-3005.68,-72.13
"2017-03","Bookcases",1091.86,2474.1997826087,-1382.34,-55.87
"2017-03","Chairs",5492.61,6725.47291666667,-1232.86,-18.33
"2017-03","Envelopes",592.1,350.609565217391,241.49,68.88
"2017-03","Fasteners",8.29,63.8717021276596,-55.58,-87.02
"2017-03","Furnishings",2279.73,1858.583125,421.15,22.66
"2017-03","Labels",10.08,257.244375,-247.16,-96.08
"2017-03","Machines",8994.54,4852.27205128205,4142.27,85.37
"2017-03","Paper",943.84,1600.58979166667,-656.75,-41.03
"2017-03","Phones",10069.15,6828.80083333333,3240.35,47.45
"2017-03","Storage",2975.24,4569.65395833333,-1594.41,-34.89
"2017-03","Supplies",8868.01,1055.00681818182,7813,740.56
"2017-03","Tables",3408.47,4225.22145833333,-816.75,-19.33
"2017-04","Accessories",1616.46,3420.55604166667,-1804.1,-52.74
"2017-04","Appliances",474.89,2179.54979166667,-1704.66,-78.21
"2017-04","Art",743.72,556.3625,187.36,33.68
"2017-04","Binders",2743.16,4167.26604166667,-1424.11,-34.17
"2017-04","Bookcases",1557.77,2474.1997826087,-916.43,-37.04
"2017-04","Chairs",8945.01,6725.47291666667,2219.54,33
"2017-04","Copiers",1199.98,4570.2525,-3370.27,-73.74
"2017-04","Envelopes",177.04,350.609565217391,-173.57,-49.51
"2017-04","Fasteners",98.65,63.8717021276596,34.78,54.45
"2017-04","Furnishings",887.58,1858.583125,-971,-52.24
"2017-04","Labels",36.41,257.244375,-220.83,-85.84
"2017-04","Machines",9099.93,4852.27205128205,4247.66,87.54
"2017-04","Paper",1291.32,1600.58979166667,-309.27,-19.32
"2017-04","Phones",2974.14,6828.80083333333,-3854.66,-56.45
"2017-04","Storage",3884.34,4569.65395833333,-685.31,-15
"2017-04","Supplies",1127.65,1055.00681818182,72.64,6.89
"2017-04","Tables",1821.73,4225.22145833333,-2403.49,-56.88
"2017-05","Accessories",3968.75,3420.55604166667,548.19,16.03
"2017-05","Appliances",1917.67,2179.54979166667,-261.88,-12.02
"2017-05","Art",606.29,556.3625,49.93,8.97
"2017-05","Binders",1075.6,4167.26604166667,-3091.67,-74.19
"2017-05","Chairs",7399.48,6725.47291666667,674.01,10.02
"2017-05","Copiers",9239.96,4570.2525,4669.71,102.18
"2017-05","Envelopes",124.75,350.609565217391,-225.86,-64.42
"2017-05","Fasteners",21.05,63.8717021276596,-42.82,-67.04
"2017-05","Furnishings",2616.95,1858.583125,758.37,40.8
"2017-05","Labels",178.59,257.244375,-78.65,-30.57
"2017-05","Machines",7551.66,4852.27205128205,2699.39,55.63
"2017-05","Paper",2658.53,1600.58979166667,1057.94,66.1
"2017-05","Phones",8072.31,6828.80083333333,1243.51,18.21
"2017-05","Storage",6159.59,4569.65395833333,1589.94,34.79
"2017-05","Supplies",189.57,1055.00681818182,-865.44,-82.03
"2017-05","Tables",4876.15,4225.22145833333,650.93,15.41
"2017-06","Accessories",1637.35,3420.55604166667,-1783.21,-52.13
"2017-06","Appliances",1901.36,2179.54979166667,-278.19,-12.76
"2017-06","Art",118.17,556.3625,-438.19,-78.76
"2017-06","Binders",778.66,4167.26604166667,-3388.61,-81.31
"2017-06","Bookcases",2596.04,2474.1997826087,121.84,4.92
"2017-06","Chairs",2634.76,6725.47291666667,-4090.71,-60.82
"2017-06","Envelopes",115.02,350.609565217391,-235.59,-67.19
"2017-06","Fasteners",31.51,63.8717021276596,-32.36,-50.66
"2017-06","Furnishings",988.46,1858.583125,-870.12,-46.82
"2017-06","Labels",357.29,257.244375,100.05,38.89
"2017-06","Machines",7621.8,4852.27205128205,2769.53,57.08
"2017-06","Paper",2747.13,1600.58979166667,1146.54,71.63
"2017-06","Phones",7113,6828.80083333333,284.2,4.16
"2017-06","Storage",3724.41,4569.65395833333,-845.24,-18.5
"2017-06","Supplies",1128.27,1055.00681818182,73.26,6.94
"2017-06","Tables",6231.26,4225.22145833333,2006.04,47.48
"2017-07","Accessories",1079.72,3420.55604166667,-2340.84,-68.43
"2017-07","Appliances",2380.6,2179.54979166667,201.05,9.22
"2017-07","Art",708.95,556.3625,152.59,27.43
"2017-07","Binders",1955.97,4167.26604166667,-2211.3,-53.06
"2017-07","Bookcases",2540.65,2474.1997826087,66.45,2.69
"2017-07","Chairs",4964.54,6725.47291666667,-1760.93,-26.18
"2017-07","Copiers",5739.89,4570.2525,1169.64,25.59
"2017-07","Envelopes",495,350.609565217391,144.39,41.18
"2017-07","Fasteners",92.19,63.8717021276596,28.32,44.34
"2017-07","Furnishings",1771.36,1858.583125,-87.22,-4.69
"2017-07","Labels",187.89,257.244375,-69.35,-26.96
"2017-07","Machines",607.47,4852.27205128205,-4244.8,-87.48
"2017-07","Paper",1452.57,1600.58979166667,-148.02,-9.25
"2017-07","Phones",5420.13,6828.80083333333,-1408.67,-20.63
"2017-07","Storage",5389.85,4569.65395833333,820.2,17.95
"2017-07","Supplies",240.8,1055.00681818182,-814.21,-77.18
"2017-07","Tables",3293.21,4225.22145833333,-932.01,-22.06
"2017-08","Accessories",4104.32,3420.55604166667,683.76,19.99
"2017-08","Appliances",2854.78,2179.54979166667,675.23,30.98
"2017-08","Art",351.47,556.3625,-204.89,-36.83
"2017-08","Binders",1068.08,4167.26604166667,-3099.19,-74.37
"2017-08","Bookcases",562.21,2474.1997826087,-1911.99,-77.28
"2017-08","Chairs",4318.36,6725.47291666667,-2407.11,-35.79
"2017-08","Envelopes",362.59,350.609565217391,11.98,3.42
"2017-08","Fasteners",67,63.8717021276596,3.13,4.9
"2017-08","Furnishings",810.55,1858.583125,-1048.03,-56.39
"2017-08","Labels",302.16,257.244375,44.92,17.46
"2017-08","Machines",943.15,4852.27205128205,-3909.12,-80.56
"2017-08","Paper",1111.09,1600.58979166667,-489.5,-30.58
"2017-08","Phones",4624.93,6828.80083333333,-2203.87,-32.27
"2017-08","Storage",2443.58,4569.65395833333,-2126.07,-46.53
"2017-08","Supplies",398.98,1055.00681818182,-656.03,-62.18
"2017-08","Tables",6218.93,4225.22145833333,1993.71,47.19
"2017-09","Accessories",7100.89,3420.55604166667,3680.33,107.59
"2017-09","Appliances",2526.41,2179.54979166667,346.86,15.91
"2017-09","Art",803.51,556.3625,247.15,44.42
"2017-09","Binders",9579.86,4167.26604166667,5412.59,129.88
"2017-09","Bookcases",6657,2474.1997826087,4182.8,169.06
"2017-09","Chairs",10813.3,6725.47291666667,4087.83,60.78
"2017-09","Copiers",2599.9,4570.2525,-1970.35,-43.11
"2017-09","Envelopes",565.58,350.609565217391,214.97,61.31
"2017-09","Fasteners",88.92,63.8717021276596,25.05,39.22
"2017-09","Furnishings",3637.56,1858.583125,1778.98,95.72
"2017-09","Labels",301.71,257.244375,44.47,17.29
"2017-09","Machines",1758.9,4852.27205128205,-3093.37,-63.75
"2017-09","Paper",2430.1,1600.58979166667,829.51,51.83
"2017-09","Phones",7964.83,6828.80083333333,1136.03,16.64
"2017-09","Storage",6613.86,4569.65395833333,2044.21,44.73
"2017-09","Supplies",103.46,1055.00681818182,-951.55,-90.19
"2017-09","Tables",5647.62,4225.22145833333,1422.4,33.66
"2017-10","Accessories",3503.11,3420.55604166667,82.55,2.41
"2017-10","Appliances",2956.47,2179.54979166667,776.92,35.65
"2017-10","Art",454.04,556.3625,-102.32,-18.39
"2017-10","Binders",6649.73,4167.26604166667,2482.46,59.57
"2017-10","Bookcases",1376.45,2474.1997826087,-1097.75,-44.37
"2017-10","Chairs",5910.88,6725.47291666667,-814.59,-12.11
"2017-10","Copiers",22899.86,4570.2525,18329.61,401.06
"2017-10","Envelopes",176.95,350.609565217391,-173.66,-49.53
"2017-10","Fasteners",183.97,63.8717021276596,120.1,188.03
"2017-10","Furnishings",2424.91,1858.583125,566.33,30.47
"2017-10","Labels",145.75,257.244375,-111.49,-43.34
"2017-10","Machines",1541.31,4852.27205128205,-3310.96,-68.24
"2017-10","Paper",1501.19,1600.58979166667,-99.4,-6.21
"2017-10","Phones",3589.09,6828.80083333333,-3239.71,-47.44
"2017-10","Storage",4039.97,4569.65395833333,-529.68,-11.59
"2017-10","Supplies",128.58,1055.00681818182,-926.43,-87.81
"2017-10","Tables",2100.77,4225.22145833333,-2124.45,-50.28
"2017-11","Accessories",8081.38,3420.55604166667,4660.82,136.26
"2017-11","Appliances",2978.06,2179.54979166667,798.51,36.64
"2017-11","Art",892.07,556.3625,335.71,60.34
"2017-11","Binders",4849.45,4167.26604166667,682.18,16.37
"2017-11","Bookcases",5797.27,2474.1997826087,3323.07,134.31
"2017-11","Chairs",13173.08,6725.47291666667,6447.61,95.87
"2017-11","Copiers",1199.98,4570.2525,-3370.27,-73.74
"2017-11","Envelopes",807.56,350.609565217391,456.95,130.33
"2017-11","Fasteners",192.41,63.8717021276596,128.54,201.25
"2017-11","Furnishings",4034.78,1858.583125,2176.2,117.09
"2017-11","Labels",910.69,257.244375,653.45,254.02
"2017-11","Machines",8756.64,4852.27205128205,3904.37,80.46
"2017-11","Paper",2097.91,1600.58979166667,497.32,31.07
"2017-11","Phones",9103.07,6828.80083333333,2274.27,33.3
"2017-11","Storage",7057.63,4569.65395833333,2487.98,54.45
"2017-11","Supplies",356.03,1055.00681818182,-698.98,-66.25
"2017-11","Tables",8778.49,4225.22145833333,4553.27,107.76
"2017-12","Accessories",5752.47,3420.55604166667,2331.91,68.17
"2017-12","Appliances",4752.05,2179.54979166667,2572.5,118.03
"2017-12","Art",366.39,556.3625,-189.97,-34.15
"2017-12","Binders",16774.4,4167.26604166667,12607.13,302.53
"2017-12","Bookcases",1616.7,2474.1997826087,-857.5,-34.66
"2017-12","Chairs",14950.63,6725.47291666667,8225.16,122.3
"2017-12","Copiers",2479.94,4570.2525,-2090.31,-45.74
"2017-12","Envelopes",550.24,350.609565217391,199.63,56.94
"2017-12","Fasteners",82.45,63.8717021276596,18.58,29.09
"2017-12","Furnishings",5474.77,1858.583125,3616.19,194.57
"2017-12","Labels",239.79,257.244375,-17.45,-6.78
"2017-12","Machines",281.53,4852.27205128205,-4570.74,-94.2
"2017-12","Paper",2301.99,1600.58979166667,701.4,43.82
"2017-12","Phones",13287.27,6828.80083333333,6458.47,94.58
"2017-12","Storage",10590.62,4569.65395833333,6020.97,131.76
"2017-12","Supplies",1675,1055.00681818182,619.99,58.77
"2017-12","Tables",14562.86,4225.22145833333,10337.64,244.67
"2018-01","Accessories",1953.99,3420.55604166667,-1466.57,-42.88
"2018-01","Appliances",2548,2179.54979166667,368.45,16.9
"2018-01","Art",434.33,556.3625,-122.03,-21.93
"2018-01","Binders",9436.82,4167.26604166667,5269.55,126.45
"2018-01","Bookcases",297.92,2474.1997826087,-2176.28,-87.96
"2018-01","Chairs",2248.45,6725.47291666667,-4477.02,-66.57
"2018-01","Copiers",2999.95,4570.2525,-1570.3,-34.36
"2018-01","Envelopes",320.48,350.609565217391,-30.13,-8.59
"2018-01","Fasteners",40.52,63.8717021276596,-23.35,-36.56
"2018-01","Furnishings",897.35,1858.583125,-961.23,-51.72
"2018-01","Labels",22.74,257.244375,-234.5,-91.16
"2018-01","Machines",4106.65,4852.27205128205,-745.62,-15.37
"2018-01","Paper",809.47,1600.58979166667,-791.12,-49.43
"2018-01","Phones",7432.74,6828.80083333333,603.94,8.84
"2018-01","Storage",3126.21,4569.65395833333,-1443.44,-31.59
"2018-01","Supplies",4314.41,1055.00681818182,3259.4,308.95
"2018-01","Tables",2486.44,4225.22145833333,-1738.78,-41.15
"2018-02","Accessories",2437.17,3420.55604166667,-983.39,-28.75
"2018-02","Appliances",3521.48,2179.54979166667,1341.93,61.57
"2018-02","Art",247.33,556.3625,-309.03,-55.54
"2018-02","Binders",626.72,4167.26604166667,-3540.55,-84.96
"2018-02","Bookcases",1125.72,2474.1997826087,-1348.48,-54.5
"2018-02","Chairs",3552.13,6725.47291666667,-3173.34,-47.18
"2018-02","Envelopes",10.64,350.609565217391,-339.97,-96.97
"2018-02","Fasteners",68.88,63.8717021276596,5.01,7.84
"2018-02","Furnishings",772.68,1858.583125,-1085.9,-58.43
"2018-02","Labels",30.52,257.244375,-226.72,-88.13
"2018-02","Machines",239.98,4852.27205128205,-4612.29,-95.05
"2018-02","Paper",1220.61,1600.58979166667,-379.98,-23.74
"2018-02","Phones",3091.29,6828.80083333333,-3737.51,-54.73
"2018-02","Storage",1626.97,4569.65395833333,-2942.68,-64.4
"2018-02","Supplies",25.02,1055.00681818182,-1029.99,-97.63
"2018-02","Tables",1323.84,4225.22145833333,-2901.38,-68.67
"2018-03","Accessories",3952.27,3420.55604166667,531.71,15.54
"2018-03","Appliances",2473.61,2179.54979166667,294.06,13.49
"2018-03","Art",433.14,556.3625,-123.22,-22.15
"2018-03","Binders",2785.49,4167.26604166667,-1381.78,-33.16
"2018-03","Bookcases",1928.19,2474.1997826087,-546.01,-22.07
"2018-03","Chairs",5524.91,6725.47291666667,-1200.56,-17.85
"2018-03","Copiers",21319.82,4570.2525,16749.57,366.49
"2018-03","Envelopes",517.02,350.609565217391,166.41,47.46
"2018-03","Fasteners",24.68,63.8717021276596,-39.19,-61.36
"2018-03","Furnishings",963.23,1858.583125,-895.35,-48.17
"2018-03","Labels",224.1,257.244375,-33.14,-12.88
"2018-03","Machines",742.71,4852.27205128205,-4109.56,-84.69
"2018-03","Paper",2551.1,1600.58979166667,950.51,59.38
"2018-03","Phones",7413.82,6828.80083333333,585.02,8.57
"2018-03","Storage",3815.45,4569.65395833333,-754.2,-16.5
"2018-03","Supplies",1716.75,1055.00681818182,661.74,62.72
"2018-03","Tables",2477.1,4225.22145833333,-1748.12,-41.37
"2018-04","Accessories",2142.23,3420.55604166667,-1278.33,-37.37
"2018-04","Appliances",645.17,2179.54979166667,-1534.38,-70.4
"2018-04","Art",618.29,556.3625,61.93,11.13
"2018-04","Binders",4906.81,4167.26604166667,739.54,17.75
"2018-04","Bookcases",1978.5,2474.1997826087,-495.7,-20.03
"2018-04","Chairs",2099.29,6725.47291666667,-4626.18,-68.79
"2018-04","Envelopes",157.59,350.609565217391,-193.02,-55.05
"2018-04","Fasteners",27.79,63.8717021276596,-36.08,-56.49
"2018-04","Furnishings",2673.54,1858.583125,814.96,43.85
"2018-04","Labels",193.61,257.244375,-63.63,-24.74
"2018-04","Machines",7349.97,4852.27205128205,2497.7,51.47
"2018-04","Paper",1592.54,1600.58979166667,-8.05,-0.5
"2018-04","Phones",2768.8,6828.80083333333,-4060,-59.45
"2018-04","Storage",5177.92,4569.65395833333,608.27,13.31
"2018-04","Supplies",895.22,1055.00681818182,-159.79,-15.15
"2018-04","Tables",2314.62,4225.22145833333,-1910.6,-45.22
"2018-05","Accessories",3558.83,3420.55604166667,138.27,4.04
"2018-05","Appliances",2334.55,2179.54979166667,155,7.11
"2018-05","Art",640,556.3625,83.64,15.03
"2018-05","Binders",2928.62,4167.26604166667,-1238.65,-29.72
"2018-05","Bookcases",3732.13,2474.1997826087,1257.93,50.84
"2018-05","Chairs",9137.31,6725.47291666667,2411.84,35.86
"2018-05","Copiers",3359.95,4570.2525,-1210.3,-26.48
"2018-05","Envelopes",339.28,350.609565217391,-11.33,-3.23
"2018-05","Fasteners",44.07,63.8717021276596,-19.8,-31
"2018-05","Furnishings",1736.86,1858.583125,-121.72,-6.55
"2018-05","Labels",386.32,257.244375,129.08,50.18
"2018-05","Machines",343.2,4852.27205128205,-4509.07,-92.93
"2018-05","Paper",1764.78,1600.58979166667,164.19,10.26
"2018-05","Phones",6112.64,6828.80083333333,-716.16,-10.49
"2018-05","Storage",4684.72,4569.65395833333,115.07,2.52
"2018-05","Supplies",371.45,1055.00681818182,-683.56,-64.79
"2018-05","Tables",2351.25,4225.22145833333,-1873.97,-44.35
"2018-06","Accessories",4724.97,3420.55604166667,1304.41,38.13
"2018-06","Appliances",754.52,2179.54979166667,-1425.03,-65.38
"2018-06","Art",1019.1,556.3625,462.74,83.17
"2018-06","Binders",2295.16,4167.26604166667,-1872.11,-44.92
"2018-06","Bookcases",5309.07,2474.1997826087,2834.87,114.58
"2018-06","Chairs",6568.84,6725.47291666667,-156.63,-2.33
"2018-06","Envelopes",81.53,350.609565217391,-269.08,-76.75
"2018-06","Fasteners",28.31,63.8717021276596,-35.56,-55.67
"2018-06","Furnishings",1406.05,1858.583125,-452.53,-24.35
"2018-06","Labels",180.29,257.244375,-76.95,-29.91
"2018-06","Machines",3868.96,4852.27205128205,-983.31,-20.26
"2018-06","Paper",2180.11,1600.58979166667,579.52,36.21
"2018-06","Phones",8343.31,6828.80083333333,1514.51,22.18
"2018-06","Storage",7571.35,4569.65395833333,3001.7,65.69
"2018-06","Supplies",110.71,1055.00681818182,-944.3,-89.51
"2018-06","Tables",3748.42,4225.22145833333,-476.8,-11.28
"2018-07","Accessories",7588.76,3420.55604166667,4168.2,121.86
"2018-07","Appliances",1210.56,2179.54979166667,-968.99,-44.46
"2018-07","Art",866.84,556.3625,310.48,55.81
"2018-07","Binders",2469.48,4167.26604166667,-1697.79,-40.74
"2018-07","Bookcases",1700.27,2474.1997826087,-773.93,-31.28
"2018-07","Chairs",3532.55,6725.47291666667,-3192.92,-47.48
"2018-07","Copiers",3479.91,4570.2525,-1090.34,-23.86
"2018-07","Envelopes",57.9,350.609565217391,-292.71,-83.49
"2018-07","Fasteners",13.8,63.8717021276596,-50.07,-78.39
"2018-07","Furnishings",3381.76,1858.583125,1523.18,81.95
"2018-07","Labels",983.96,257.244375,726.72,282.5
"2018-07","Machines",2992.33,4852.27205128205,-1859.94,-38.33
"2018-07","Paper",1463.58,1600.58979166667,-137.01,-8.56
"2018-07","Phones",9148.92,6828.80083333333,2320.12,33.98
"2018-07","Storage",2894.58,4569.65395833333,-1675.07,-36.66
"2018-07","Supplies",278.66,1055.00681818182,-776.35,-73.59
"2018-07","Tables",2761.24,4225.22145833333,-1463.98,-34.65
"2018-08","Accessories",4961.64,3420.55604166667,1541.08,45.05
"2018-08","Appliances",7104.63,2179.54979166667,4925.08,225.97
"2018-08","Art",732.86,556.3625,176.5,31.72
"2018-08","Binders",12873.22,4167.26604166667,8705.95,208.91
"2018-08","Bookcases",460.09,2474.1997826087,-2014.11,-81.4
"2018-08","Chairs",9419.01,6725.47291666667,2693.54,40.05
"2018-08","Copiers",1179.97,4570.2525,-3390.28,-74.18
"2018-08","Envelopes",135.16,350.609565217391,-215.45,-61.45
"2018-08","Fasteners",67.7,63.8717021276596,3.83,6
"2018-08","Furnishings",1402.28,1858.583125,-456.3,-24.55
"2018-08","Labels",382.4,257.244375,125.16,48.65
"2018-08","Machines",1439.98,4852.27205128205,-3412.29,-70.32
"2018-08","Paper",1983.29,1600.58979166667,382.7,23.91
"2018-08","Phones",10037.57,6828.80083333333,3208.77,46.99
"2018-08","Storage",6301.84,4569.65395833333,1732.19,37.91
"2018-08","Supplies",218.47,1055.00681818182,-836.54,-79.29
"2018-08","Tables",4137.74,4225.22145833333,-87.48,-2.07
"2018-09","Accessories",8813.29,3420.55604166667,5392.73,157.66
"2018-09","Appliances",3044.52,2179.54979166667,864.97,39.69
"2018-09","Art",970.67,556.3625,414.31,74.47
"2018-09","Binders",12009.11,4167.26604166667,7841.84,188.18
"2018-09","Bookcases",3635.86,2474.1997826087,1161.66,46.95
"2018-09","Chairs",16911.67,6725.47291666667,10186.2,151.46
"2018-09","Copiers",319.98,4570.2525,-4250.27,-93
"2018-09","Envelopes",395.64,350.609565217391,45.03,12.84
"2018-09","Fasteners",158.73,63.8717021276596,94.86,148.52
"2018-09","Furnishings",2471,1858.583125,612.42,32.95
"2018-09","Labels",561.25,257.244375,304.01,118.18
"2018-09","Machines",1576.54,4852.27205128205,-3275.73,-67.51
"2018-09","Paper",4591.3,1600.58979166667,2990.71,186.85
"2018-09","Phones",15318.84,6828.80083333333,8490.04,124.33
"2018-09","Storage",4947.34,4569.65395833333,377.69,8.27
"2018-09","Supplies",4928.95,1055.00681818182,3873.94,367.2
"2018-09","Tables",5498.18,4225.22145833333,1272.96,30.13
"2018-10","Accessories",5032.06,3420.55604166667,1611.5,47.11
"2018-10","Appliances",3335.53,2179.54979166667,1155.98,53.04
"2018-10","Art",613.74,556.3625,57.38,10.31
"2018-10","Binders",10139.32,4167.26604166667,5972.05,143.31
"2018-10","Bookcases",4079.73,2474.1997826087,1605.53,64.89
"2018-10","Chairs",4669.43,6725.47291666667,-2056.04,-30.57
"2018-10","Copiers",11199.97,4570.2525,6629.72,145.06
"2018-10","Envelopes",429.85,350.609565217391,79.24,22.6
"2018-10","Fasteners",72.36,63.8717021276596,8.49,13.29
"2018-10","Furnishings",1724.13,1858.583125,-134.45,-7.23
"2018-10","Labels",392.85,257.244375,135.61,52.72
"2018-10","Machines",7873.99,4852.27205128205,3021.72,62.27
"2018-10","Paper",1836.67,1600.58979166667,236.08,14.75
"2018-10","Phones",8749.64,6828.80083333333,1920.84,28.13
"2018-10","Storage",5813.95,4569.65395833333,1244.3,27.23
"2018-10","Supplies",74.13,1055.00681818182,-980.88,-92.97
"2018-10","Tables",11410.78,4225.22145833333,7185.56,170.06
"2018-11","Accessories",8086.75,3420.55604166667,4666.19,136.42
"2018-11","Appliances",6746.07,2179.54979166667,4566.52,209.52
"2018-11","Art",1387.04,556.3625,830.68,149.31
"2018-11","Binders",6490.57,4167.26604166667,2323.3,55.75
"2018-11","Bookcases",2122.69,2474.1997826087,-351.51,-14.21
"2018-11","Chairs",14561.22,6725.47291666667,7835.75,116.51
"2018-11","Copiers",12359.94,4570.2525,7789.69,170.44
"2018-11","Envelopes",518.63,350.609565217391,168.02,47.92
"2018-11","Fasteners",138.21,63.8717021276596,74.34,116.39
"2018-11","Furnishings",6714.12,1858.583125,4855.54,261.25
"2018-11","Labels",207.93,257.244375,-49.31,-19.17
"2018-11","Machines",11761.38,4852.27205128205,6909.11,142.39
"2018-11","Paper",3620.61,1600.58979166667,2020.02,126.2
"2018-11","Phones",17201.04,6828.80083333333,10372.24,151.89
"2018-11","Storage",11911.28,4569.65395833333,7341.63,160.66
"2018-11","Supplies",452,1055.00681818182,-603.01,-57.16
"2018-11","Tables",13658.69,4225.22145833333,9433.47,223.27
"2018-12","Accessories",4989,3420.55604166667,1568.44,45.85
"2018-12","Appliances",6494.08,2179.54979166667,4314.53,197.96
"2018-12","Art",862.28,556.3625,305.92,54.99
"2018-12","Binders",4759.92,4167.26604166667,592.65,14.22
"2018-12","Bookcases",3654.1,2474.1997826087,1179.9,47.69
"2018-12","Chairs",14966.46,6725.47291666667,8240.99,122.53
"2018-12","Copiers",6679.89,4570.2525,2109.64,46.16
"2018-12","Envelopes",414.86,350.609565217391,64.25,18.33
"2018-12","Fasteners",170.03,63.8717021276596,106.16,166.21
"2018-12","Furnishings",4061.67,1858.583125,2203.09,118.54
"2018-12","Labels",278.72,257.244375,21.48,8.35
"2018-12","Machines",1248.97,4852.27205128205,-3603.3,-74.26
"2018-12","Paper",3890.71,1600.58979166667,2290.12,143.08
"2018-12","Phones",9067.06,6828.80083333333,2238.26,32.78
"2018-12","Storage",10201.08,4569.65395833333,5631.43,123.24
"2018-12","Supplies",2566.34,1055.00681818182,1511.33,143.25
"2018-12","Tables",8725.24,4225.22145833333,4500.02,106.5
